Orthogroup	E_dermatitidis_DCF04.aa	E_dermatitidis_NIHUT8656.aa
OG0008271	HRR76_002086-T1	
OG0008272	HRR76_009192-T1	
OG0008273	HRR76_009060-T1	
OG0008274	HRR76_009243-T1	
OG0008275	HRR76_003311-T1	
OG0008276	HRR76_004152-T1	
OG0008277	HRR76_004020-T1	
OG0008278	HRR76_008180-T1	
OG0008279	HRR76_000301-T1	
OG0008280	HRR76_002500-T1	
OG0008281	HRR76_007868-T1	
OG0008282	HRR76_001969-T1	
OG0008283	HRR76_009002-T1	
OG0008284	HRR76_007311-T1	
OG0008285	HRR76_001649-T1	
OG0008286	HRR76_001781-T1	
OG0008287	HRR76_003052-T1	
OG0008288	HRR76_000040-T1	
OG0008289	HRR76_004289-T1	
OG0008290	HRR76_004155-T1	
OG0008291	HRR76_004829-T1	
OG0008292	HRR76_004366-T1	
OG0008293	HRR76_007079-T1	
OG0008294	HRR76_000739-T1	
OG0008295	HRR76_000567-T1	
OG0008296	HRR76_004539-T1	
OG0008297	HRR76_000264-T1	
OG0008298	HRR76_004929-T1	
OG0008299	HRR76_005521-T1	
OG0008300	HRR76_009355-T1	
OG0008301	HRR76_003079-T1	
OG0008302	HRR76_001078-T1	
OG0008303	HRR76_002709-T1	
OG0008304	HRR76_009037-T1	
OG0008305	HRR76_001594-T1	
OG0008306	HRR76_002317-T1	
OG0008307	HRR76_004788-T1	
OG0008308	HRR76_002584-T1	
OG0008309	HRR76_007975-T1	
OG0008310	HRR76_008511-T1	
OG0008311	HRR76_002287-T1	
OG0008312	HRR76_000238-T1	
OG0008313	HRR76_007485-T1	
OG0008314	HRR76_006827-T1	
OG0008315	HRR76_001858-T1	
OG0008316	HRR76_002208-T1	
OG0008317	HRR76_005752-T1	
OG0008318	HRR76_000507-T1	
OG0008319	HRR76_004306-T1	
OG0008320	HRR76_004319-T1	
OG0008321	HRR76_004942-T1	
OG0008322	HRR76_007524-T1	
OG0008323	HRR76_008287-T1	
OG0008324	HRR76_004390-T1	
OG0008325	HRR76_008221-T1	
OG0008326	HRR76_002425-T1	
OG0008327	HRR76_008927-T1	
OG0008328	HRR76_006654-T1	
OG0008329	HRR76_004150-T1	
OG0008330	HRR76_001909-T1	
OG0008331	HRR76_005327-T1	
OG0008332	HRR76_003934-T1	
OG0008333	HRR76_000871-T1	
OG0008334	HRR76_000922-T1	
OG0008335	HRR76_005262-T1	
OG0008336	HRR76_001096-T1	
OG0008337	HRR76_007403-T2	
OG0008338	HRR76_009000-T1	
OG0008339	HRR76_005308-T1	
OG0008340	HRR76_003639-T1	
OG0008341	HRR76_005900-T1	
OG0008342	HRR76_000113-T1	
OG0008343	HRR76_007234-T1	
OG0008344	HRR76_002517-T1	
OG0008345	HRR76_002959-T1	
OG0008346	HRR76_009603-T1	
OG0008347	HRR76_003093-T1	
OG0008348	HRR76_009579-T1	
OG0008349	HRR76_003981-T1	
OG0008350	HRR76_005698-T1	
OG0008351	HRR76_006404-T1	
OG0008352	HRR76_006797-T1	
OG0008353	HRR76_003234-T1	
OG0008354	HRR76_003177-T1	
OG0008355	HRR76_000367-T1	
OG0008356	HRR76_008859-T1	
OG0008357	HRR76_009604-T1	
OG0008358	HRR76_006808-T1	
OG0008359	HRR76_002524-T1	
OG0008360	HRR76_004245-T1	
OG0008361	HRR76_000804-T1	
OG0008362	HRR76_003259-T1	
OG0008363	HRR76_005865-T1	
OG0008364	HRR76_002118-T1	
OG0008365	HRR76_006041-T1	
OG0008366	HRR76_002870-T1	
OG0008367	HRR76_008384-T1	
OG0008368	HRR76_002302-T1	
OG0008369	HRR76_003500-T1	
OG0008370	HRR76_006970-T1	
OG0008371	HRR76_005676-T1	
OG0008372	HRR76_000307-T1	
OG0008373	HRR76_005473-T1	
OG0008374	HRR76_005223-T1	
OG0008375	HRR76_006695-T1	
OG0008376	HRR76_005370-T1	
OG0008377	HRR76_007317-T1	
OG0008378	HRR76_002337-T1	
OG0008379	HRR76_008539-T1	
OG0008380	HRR76_001117-T1	
OG0008381	HRR76_002554-T1	
OG0008382	HRR76_002257-T1	
OG0008383	HRR76_001745-T1	
OG0008384	HRR76_009124-T1	
OG0008385	HRR76_004562-T1	
OG0008386	HRR76_005966-T1	
OG0008387	HRR76_003989-T1	
OG0008388	HRR76_001988-T1	
OG0008389	HRR76_006683-T1	
OG0008390	HRR76_007452-T1	
OG0008391	HRR76_001874-T1	
OG0008392	HRR76_006605-T1	
OG0008393	HRR76_006684-T1	
OG0008394	HRR76_004180-T1	
OG0008395	HRR76_008851-T1	
OG0008396	HRR76_002829-T1	
OG0008397	HRR76_001932-T1	
OG0008398	HRR76_001124-T1	
OG0008399	HRR76_001131-T1	
OG0008400	HRR76_008678-T1	
OG0008401	HRR76_001571-T1	
OG0008402	HRR76_000440-T1	
OG0008403	HRR76_005028-T1	
OG0008404	HRR76_003799-T1	
OG0008405	HRR76_009411-T1	
OG0008406	HRR76_009117-T1	
OG0008407	HRR76_000509-T1	
OG0008408	HRR76_009382-T1	
OG0008409	HRR76_007242-T1	
OG0008410	HRR76_007298-T1	
OG0008411	HRR76_004234-T1	
OG0008412	HRR76_002945-T1	
OG0008413	HRR76_006707-T1	
OG0008414	HRR76_003566-T1	
OG0008415	HRR76_002788-T1	
OG0008416	HRR76_007339-T1	
OG0008417	HRR76_005687-T1	
OG0008418	HRR76_002735-T1	
OG0008419	HRR76_005253-T1	
OG0008420	HRR76_007566-T1	
OG0008421	HRR76_004208-T1	
OG0008422	HRR76_006788-T1	
OG0008423	HRR76_004639-T1	
OG0008424	HRR76_003712-T1	
OG0008425	HRR76_007245-T1	
OG0008426	HRR76_004456-T1	
OG0008427	HRR76_003038-T1	
OG0008428	HRR76_000702-T1	
OG0008429	HRR76_004791-T1	
OG0008430	HRR76_004138-T1	
OG0008431	HRR76_004578-T1	
OG0008432	HRR76_008707-T1	
OG0008433	HRR76_009054-T1	
OG0008434	HRR76_000014-T1	
OG0008435	HRR76_006339-T1	
OG0008436	HRR76_009196-T1	
OG0008437	HRR76_006003-T1	
OG0008438	HRR76_007665-T1	
OG0008439	HRR76_005540-T1	
OG0008440	HRR76_003707-T1	
OG0008441	HRR76_003845-T1	
OG0008442	HRR76_004833-T1	
OG0008443	HRR76_006147-T1	
OG0008444	HRR76_001961-T1	
OG0008445	HRR76_007707-T1	
OG0008446	HRR76_006353-T1	
OG0008447	HRR76_009580-T1	
OG0008448	HRR76_004834-T1	
OG0008449	HRR76_004987-T1	
OG0008450	HRR76_007942-T1	
OG0008451	HRR76_007732-T1	
OG0008452	HRR76_000247-T1	
OG0008453	HRR76_000850-T1	
OG0008454	HRR76_001356-T1	
OG0008455	HRR76_000021-T1	
OG0008456	HRR76_002989-T1	
OG0008457	HRR76_001137-T1	
OG0008458	HRR76_002186-T1	
OG0008459	HRR76_009538-T1	
OG0008460	HRR76_008240-T1	
OG0008461	HRR76_004463-T1	
OG0008462	HRR76_003683-T1	
OG0008463	HRR76_007602-T1	
OG0008464	HRR76_005248-T1	
OG0008465	HRR76_007126-T1	
OG0008466	HRR76_004946-T1	
OG0008467	HRR76_008889-T1	
OG0008468	HRR76_004846-T1	
OG0008469	HRR76_006957-T1	
OG0008470	HRR76_000286-T1	
OG0008471	HRR76_008624-T1	
OG0008472	HRR76_007605-T1	
OG0008473	HRR76_009232-T1	
OG0008474	HRR76_002617-T1	
OG0008475	HRR76_009274-T1	
OG0008476	HRR76_003486-T1	
OG0008477	HRR76_001990-T1	
OG0008478	HRR76_006795-T1	
OG0008479	HRR76_007609-T1	
OG0008480	HRR76_002408-T1	
OG0008481	HRR76_009109-T1	
OG0008482	HRR76_006222-T1	
OG0008483	HRR76_006408-T1	
OG0008484	HRR76_009099-T1	
OG0008485	HRR76_002982-T1	
OG0008486	HRR76_008748-T1	
OG0008487	HRR76_002222-T1	
OG0008488	HRR76_001345-T1	
OG0008489	HRR76_009608-T1	
OG0008490	HRR76_000050-T1	
OG0008491	HRR76_000908-T1	
OG0008492	HRR76_002792-T1	
OG0008493	HRR76_006838-T1	
OG0008494	HRR76_000403-T1	
OG0008495	HRR76_008515-T1	
OG0008496	HRR76_001819-T1	
OG0008497	HRR76_004358-T1	
OG0008498	HRR76_008977-T1	
OG0008499	HRR76_007871-T1	
OG0008500	HRR76_005380-T1	
OG0008501	HRR76_002374-T1	
OG0008502	HRR76_003920-T1	
OG0008503	HRR76_003051-T1	
OG0008504	HRR76_005907-T1	
OG0008505	HRR76_007040-T1	
OG0008506	HRR76_008863-T1	
OG0008507	HRR76_004068-T1	
OG0008508	HRR76_001848-T1	
OG0008509	HRR76_006373-T1	
OG0008510	HRR76_008864-T1	
OG0008511	HRR76_007264-T1	
OG0008512	HRR76_002335-T1	
OG0008513	HRR76_008964-T1	
OG0008514	HRR76_003753-T1	
OG0008515	HRR76_001340-T1	
OG0008516	HRR76_006719-T1	
OG0008517	HRR76_005405-T1	
OG0008518	HRR76_007849-T1	
OG0008519	HRR76_001738-T1	
OG0008520	HRR76_003739-T1	
OG0008521	HRR76_000464-T1	
OG0008522	HRR76_001012-T1	
OG0008523	HRR76_002643-T1	
OG0008524	HRR76_005522-T1	
OG0008525	HRR76_004926-T1	
OG0008526	HRR76_008739-T1	
OG0008527	HRR76_007332-T1	
OG0008528	HRR76_009598-T1	
OG0008529	HRR76_006170-T1	
OG0008530	HRR76_002168-T1	
OG0008531	HRR76_008849-T1	
OG0008532	HRR76_007446-T1	
OG0008533	HRR76_004255-T1	
OG0008534	HRR76_002328-T1	
OG0008535	HRR76_002530-T1	
OG0008536	HRR76_002051-T1	
OG0008537	HRR76_005178-T1	
OG0008538	HRR76_006029-T1	
OG0008539	HRR76_008312-T1	
OG0008540	HRR76_000565-T1	
OG0008541	HRR76_007220-T1	
OG0008542	HRR76_007880-T1	
OG0008543	HRR76_008040-T1	
OG0008544	HRR76_009088-T1	
OG0008545	HRR76_004157-T1	
OG0008546	HRR76_008530-T1	
OG0008547	HRR76_009197-T1	
OG0008548	HRR76_002669-T1	
OG0008549	HRR76_005901-T1	
OG0008550	HRR76_008818-T1	
OG0008551	HRR76_007113-T1	
OG0008552	HRR76_006175-T1	
OG0008553	HRR76_004336-T1	
OG0008554	HRR76_008413-T1	
OG0008555	HRR76_006204-T1	
OG0008556	HRR76_005861-T1	
OG0008557	HRR76_005371-T1	
OG0008558	HRR76_000981-T1	
OG0008559	HRR76_003222-T1	
OG0008560	HRR76_000584-T1	
OG0008561	HRR76_003636-T1	
OG0008562	HRR76_008134-T1	
OG0008563	HRR76_001219-T1	
OG0008564	HRR76_002825-T1	
OG0008565	HRR76_002956-T1	
OG0008566	HRR76_009458-T2	
OG0008567	HRR76_002414-T1	
OG0008568	HRR76_008616-T1	
OG0008569	HRR76_001458-T1	
OG0008570	HRR76_000456-T1	
OG0008571	HRR76_005999-T1	
OG0008572	HRR76_001681-T1	
OG0008573	HRR76_002172-T1	
OG0008574	HRR76_002532-T1	
OG0008575	HRR76_000654-T1	
OG0008576	HRR76_002922-T1	
OG0008577	HRR76_008956-T1	
OG0008578	HRR76_008204-T1	
OG0008579	HRR76_005230-T1	
OG0008580	HRR76_008825-T1	
OG0008581	HRR76_008731-T1	
OG0008582	HRR76_004113-T1	
OG0008583	HRR76_008610-T1	
OG0008584	HRR76_008008-T1	
OG0008585	HRR76_009167-T1	
OG0008586	HRR76_009262-T1	
OG0008587	HRR76_008247-T1	
OG0008588	HRR76_003737-T1	
OG0008589	HRR76_002610-T1	
OG0008590	HRR76_000194-T1	
OG0008591	HRR76_001200-T1	
OG0008592	HRR76_004748-T1	
OG0008593	HRR76_003894-T1	
OG0008594	HRR76_005727-T1	
OG0008595	HRR76_006852-T1	
OG0008596	HRR76_002612-T1	
OG0008597	HRR76_005195-T1	
OG0008598	HRR76_009587-T1	
OG0008599	HRR76_003700-T1	
OG0008600	HRR76_001575-T1	
OG0008601	HRR76_002151-T1	
OG0008602	HRR76_004249-T1	
OG0008603	HRR76_009135-T1	
OG0008604	HRR76_000799-T1	
OG0008605	HRR76_004719-T1	
OG0008606	HRR76_000957-T1	
OG0008607	HRR76_005083-T1	
OG0008608	HRR76_001831-T1	
OG0008609	HRR76_001044-T1	
OG0008610	HRR76_004468-T1	
OG0008611	HRR76_002826-T1	
OG0008612	HRR76_009097-T1	
OG0008613	HRR76_009101-T1	
OG0008614	HRR76_005663-T1	
OG0008615	HRR76_007601-T1	
OG0008616	HRR76_009217-T1	
OG0008617	HRR76_005448-T1	
OG0008618	HRR76_006886-T1	
OG0008619	HRR76_001937-T1	
OG0008620	HRR76_005733-T1	
OG0008621	HRR76_006509-T1	
OG0008622	HRR76_001860-T1	
OG0008623	HRR76_009224-T1	
OG0008624	HRR76_003046-T1	
OG0008625	HRR76_006688-T1	
OG0008626	HRR76_006343-T1	
OG0008627	HRR76_003489-T1	
OG0008628	HRR76_001811-T1	
OG0008629	HRR76_005944-T1	
OG0008630	HRR76_005024-T1	
OG0008631	HRR76_001112-T1	
OG0008632	HRR76_008762-T1	
OG0008633	HRR76_008226-T1	
OG0008634	HRR76_000056-T1	
OG0008635	HRR76_004238-T1	
OG0008636	HRR76_000773-T1	
OG0008637	HRR76_005604-T1	
OG0008638	HRR76_008783-T1	
OG0008639	HRR76_005406-T1	
OG0008640	HRR76_008778-T1	
OG0008641	HRR76_000306-T1	
OG0008642	HRR76_002027-T1	
OG0008643	HRR76_005153-T1	
OG0008644	HRR76_005746-T1	
OG0008645	HRR76_002994-T1	
OG0008646	HRR76_005836-T1	
OG0008647	HRR76_008498-T1	
OG0008648	HRR76_005936-T1	
OG0008649	HRR76_007661-T1	
OG0008650	HRR76_008453-T1	
OG0008651	HRR76_002065-T1	
OG0008652	HRR76_007153-T1	
OG0008653	HRR76_001275-T1	
OG0008654	HRR76_003490-T1	
OG0008655	HRR76_001456-T1	
OG0008656	HRR76_004210-T1	
OG0008657	HRR76_008236-T1	
OG0008658	HRR76_009185-T1	
OG0008659	HRR76_009259-T1	
OG0008660	HRR76_000030-T1	
OG0008661	HRR76_001103-T1	
OG0008662	HRR76_001422-T1	
OG0008663	HRR76_005059-T1	
OG0008664	HRR76_005145-T1	
OG0008665	HRR76_006671-T1	
OG0008666	HRR76_006858-T1	
OG0008667	HRR76_003550-T1	
OG0008668	HRR76_006011-T1	
OG0008669	HRR76_003844-T1	
OG0008670	HRR76_000074-T1	
OG0008671	HRR76_005369-T1	
OG0008672	HRR76_008593-T1	
OG0008673	HRR76_008547-T1	
OG0008674	HRR76_006005-T1	
OG0008675	HRR76_005601-T1	
OG0008676	HRR76_003017-T1	
OG0008677	HRR76_005952-T1	
OG0008678	HRR76_000248-T1	
OG0008679	HRR76_000143-T1	
OG0008680	HRR76_005457-T1	
OG0008681	HRR76_008011-T1	
OG0008682	HRR76_007733-T1	
OG0008683	HRR76_009317-T1	
OG0008684	HRR76_001758-T1	
OG0008685	HRR76_007148-T1	
OG0008686	HRR76_004178-T1	
OG0008687	HRR76_006024-T1	
OG0008688	HRR76_006772-T1	
OG0008689	HRR76_002550-T1	
OG0008690	HRR76_003192-T1	
OG0008691	HRR76_007326-T1	
OG0008692	HRR76_003593-T1	
OG0008693	HRR76_007166-T1	
OG0008694	HRR76_002943-T1	
OG0008695	HRR76_002448-T1	
OG0008696	HRR76_009305-T1	
OG0008697	HRR76_005429-T1	
OG0008698	HRR76_004424-T1	
OG0008699	HRR76_003781-T1	
OG0008700	HRR76_005279-T1	
OG0008701	HRR76_007037-T1	
OG0008702	HRR76_004582-T1	
OG0008703	HRR76_004165-T1	
OG0008704	HRR76_000919-T1	
OG0008705	HRR76_002936-T1	
OG0008706	HRR76_002139-T1	
OG0008707	HRR76_003625-T1	
OG0008708	HRR76_006153-T1	
OG0008709	HRR76_000764-T1	
OG0008710	HRR76_005737-T1	
OG0008711	HRR76_002604-T1	
OG0008712	HRR76_007671-T1	
OG0008713	HRR76_009281-T1	
OG0008714	HRR76_006419-T1	
OG0008715	HRR76_006216-T1	
OG0008716	HRR76_008153-T1	
OG0008717	HRR76_004861-T1	
OG0008718	HRR76_005250-T1	
OG0008719	HRR76_001875-T1	
OG0008720	HRR76_003453-T1	
OG0008721	HRR76_003622-T1	
OG0008722	HRR76_005027-T1	
OG0008723	HRR76_002216-T1	
OG0008724	HRR76_001396-T1	
OG0008725	HRR76_007236-T1	
OG0008726	HRR76_007000-T1	
OG0008727	HRR76_005433-T1	
OG0008728	HRR76_003230-T1	
OG0008729	HRR76_002967-T1	
OG0008730	HRR76_000430-T1	
OG0008731	HRR76_007899-T1	
OG0008732	HRR76_004625-T1	
OG0008733	HRR76_008299-T1	
OG0008734	HRR76_003999-T1	
OG0008735	HRR76_007230-T1	
OG0008736	HRR76_003325-T1	
OG0008737	HRR76_005256-T1	
OG0008738	HRR76_000996-T1	
OG0008739	HRR76_008382-T1	
OG0008740	HRR76_006830-T1	
OG0008741	HRR76_007861-T1	
OG0008742	HRR76_000308-T1	
OG0008743	HRR76_008462-T1	
OG0008744	HRR76_003318-T1	
OG0008745	HRR76_002496-T1	
OG0008746	HRR76_007162-T1	
OG0008747	HRR76_006751-T1	
OG0008748	HRR76_000786-T1	
OG0008749	HRR76_003267-T1	
OG0008750	HRR76_007048-T1	
OG0008751	HRR76_002742-T1	
OG0008752	HRR76_004297-T1	
OG0008753	HRR76_004714-T1	
OG0008754	HRR76_007111-T1	
OG0008755	HRR76_005963-T1	
OG0008756	HRR76_001366-T1	
OG0008757	HRR76_000860-T1	
OG0008758	HRR76_003652-T1	
OG0008759	HRR76_002874-T1	
OG0008760	HRR76_003178-T1	
OG0008761	HRR76_005220-T1	
OG0008762	HRR76_001126-T1	
OG0008763	HRR76_000231-T1	
OG0008764	HRR76_006212-T1	
OG0008765	HRR76_000984-T1	
OG0008766	HRR76_005374-T1	
OG0008767	HRR76_003577-T1	
OG0008768	HRR76_000346-T1	
OG0008769	HRR76_009605-T1	
OG0008770	HRR76_003349-T1	
OG0008771	HRR76_009186-T1	
OG0008772	HRR76_006901-T1	
OG0008773	HRR76_008679-T1	
OG0008774	HRR76_000831-T1	
OG0008775	HRR76_003437-T1	
OG0008776	HRR76_006417-T1	
OG0008777	HRR76_000205-T1	
OG0008778	HRR76_008655-T1	
OG0008779	HRR76_002928-T1	
OG0008780	HRR76_005315-T1	
OG0008781	HRR76_006048-T1	
OG0008782	HRR76_000750-T1	
OG0008783	HRR76_004844-T1	
OG0008784	HRR76_001799-T1	
OG0008785	HRR76_006652-T1	
OG0008786	HRR76_006320-T1	
OG0008787	HRR76_005029-T1	
OG0008788	HRR76_004492-T1	
OG0008789	HRR76_007888-T1	
OG0008790	HRR76_008092-T1	
OG0008791	HRR76_005754-T1	
OG0008792	HRR76_006577-T1	
OG0008793	HRR76_009080-T1	
OG0008794	HRR76_002066-T1	
OG0008795	HRR76_008585-T1	
OG0008796	HRR76_001761-T1	
OG0008797	HRR76_000533-T1	
OG0008798	HRR76_006349-T1	
OG0008799	HRR76_002431-T1	
OG0008800	HRR76_007835-T1	
OG0008801	HRR76_000278-T1	
OG0008802	HRR76_009441-T1	
OG0008803	HRR76_001354-T1	
OG0008804	HRR76_007967-T1	
OG0008805	HRR76_002757-T1	
OG0008806	HRR76_008861-T1	
OG0008807	HRR76_003693-T1	
OG0008808	HRR76_000262-T1	
OG0008809	HRR76_003867-T1	
OG0008810	HRR76_007465-T1	
OG0008811	HRR76_004770-T1	
OG0008812	HRR76_008999-T1	
OG0008813	HRR76_002162-T1	
OG0008814	HRR76_001715-T1	
OG0008815	HRR76_009194-T1	
OG0008816	HRR76_000296-T1	
OG0008817	HRR76_005535-T1	
OG0008818	HRR76_003389-T1	
OG0008819	HRR76_003469-T1	
OG0008820	HRR76_005976-T1	
OG0008821	HRR76_009249-T1	
OG0008822	HRR76_004750-T1	
OG0008823	HRR76_008777-T1	
OG0008824	HRR76_000448-T1	
OG0008825	HRR76_005554-T1	
OG0008826	HRR76_000680-T1	
OG0008827	HRR76_008001-T1	
OG0008828	HRR76_001249-T1	
OG0008829	HRR76_000017-T1	
OG0008830	HRR76_006015-T1	
OG0008831	HRR76_008191-T1	
OG0008832	HRR76_008785-T1	
OG0008833	HRR76_007491-T1	
OG0008834	HRR76_004657-T1	
OG0008835	HRR76_001475-T1	
OG0008836	HRR76_005141-T1	
OG0008837	HRR76_001985-T1	
OG0008838	HRR76_005022-T1	
OG0008839	HRR76_004036-T1	
OG0008840	HRR76_006116-T1	
OG0008841	HRR76_006906-T1	
OG0008842	HRR76_000526-T1	
OG0008843	HRR76_009271-T1	
OG0008844	HRR76_001434-T1	
OG0008845	HRR76_001127-T1	
OG0008846	HRR76_001472-T1	
OG0008847	HRR76_003854-T1	
OG0008848	HRR76_005707-T1	
OG0008849	HRR76_000419-T1	
OG0008850	HRR76_009225-T1	
OG0008851	HRR76_006290-T1	
OG0008852	HRR76_006853-T1	
OG0008853	HRR76_009609-T1	
OG0008854	HRR76_001481-T1	
OG0008855	HRR76_006681-T1	
OG0008856	HRR76_008854-T1	
OG0008857	HRR76_008409-T1	
OG0008858	HRR76_006627-T1	
OG0008859	HRR76_001658-T1	
OG0008860	HRR76_004359-T1	
OG0008861	HRR76_005701-T1	
OG0008862	HRR76_001856-T1	
OG0008863	HRR76_008853-T1	
OG0008864	HRR76_009187-T1	
OG0008865	HRR76_003010-T1	
OG0008866	HRR76_001238-T1	
OG0008867	HRR76_006266-T1	
OG0008868	HRR76_000078-T1	
OG0008869	HRR76_004802-T1	
OG0008870	HRR76_003948-T1	
OG0008871	HRR76_008007-T1	
OG0008872	HRR76_004911-T1	
OG0008873	HRR76_007948-T1	
OG0008874	HRR76_004473-T1	
OG0008875	HRR76_007704-T1	
OG0008876	HRR76_006598-T1	
OG0008877	HRR76_009328-T1	
OG0008878	HRR76_009315-T1	
OG0008879	HRR76_004224-T1	
OG0008880	HRR76_007015-T1	
OG0008881	HRR76_008718-T1	
OG0008882	HRR76_002073-T1	
OG0008883	HRR76_003015-T1	
OG0008884	HRR76_002197-T1	
OG0008885	HRR76_004676-T1	
OG0008886	HRR76_006007-T1	
OG0008887	HRR76_001301-T1	
OG0008888	HRR76_007112-T1	
OG0008889	HRR76_003983-T1	
OG0008890	HRR76_003960-T1	
OG0008891	HRR76_002924-T1	
OG0008892	HRR76_002415-T1	
OG0008893	HRR76_005270-T1	
OG0008894	HRR76_001129-T1	
OG0008895	HRR76_002587-T1	
OG0008896	HRR76_008917-T1	
OG0008897	HRR76_008107-T1	
OG0008898	HRR76_000812-T1	
OG0008899	HRR76_003101-T1	
OG0008900	HRR76_006174-T1	
OG0008901	HRR76_008188-T1	
OG0008902	HRR76_002508-T1	
OG0008903	HRR76_007978-T1	
OG0008904	HRR76_008931-T1	
OG0008905	HRR76_005500-T1	
OG0008906	HRR76_004015-T1	
OG0008907	HRR76_008415-T1	
OG0008908	HRR76_007527-T1	
OG0008909	HRR76_008044-T1	
OG0008910	HRR76_007513-T1	
OG0008911	HRR76_008750-T1	
OG0008912	HRR76_002657-T1	
OG0008913	HRR76_004895-T1	
OG0008914	HRR76_002533-T1	
OG0008915	HRR76_003375-T1	
OG0008916	HRR76_005425-T1	
OG0008917	HRR76_002410-T1	
OG0008918	HRR76_001247-T1	
OG0008919	HRR76_002546-T1	
OG0008920	HRR76_004906-T1	
OG0008921	HRR76_009597-T1	
OG0008922	HRR76_001610-T1	
OG0008923	HRR76_007199-T1	
OG0008924	HRR76_003430-T1	
OG0008925	HRR76_004764-T1	
OG0008926	HRR76_008200-T1	
OG0008927	HRR76_009610-T1	
OG0008928	HRR76_003467-T1	
OG0008929	HRR76_000861-T1	
OG0008930	HRR76_004398-T1	
OG0008931	HRR76_003800-T1	
OG0008932	HRR76_004342-T1	
OG0008933	HRR76_006199-T1	
OG0008934	HRR76_004613-T1	
OG0008935	HRR76_005972-T1	
OG0008936	HRR76_000462-T1	
OG0008937	HRR76_001445-T1	
OG0008938	HRR76_005300-T1	
OG0008939	HRR76_008862-T1	
OG0008940	HRR76_004953-T1	
OG0008941	HRR76_008642-T1	
OG0008942	HRR76_000039-T1	
OG0008943	HRR76_000400-T1	
OG0008944	HRR76_000210-T1	
OG0008945	HRR76_004681-T1	
OG0008946	HRR76_004853-T1	
OG0008947	HRR76_005743-T1	
OG0008948	HRR76_009591-T1	
OG0008949	HRR76_001847-T1	
OG0008950	HRR76_002800-T1	
OG0008951	HRR76_008865-T1	
OG0008952	HRR76_007931-T1	
OG0008953	HRR76_005079-T1	
OG0008954	HRR76_002435-T1	
OG0008955	HRR76_006883-T1	
OG0008956	HRR76_007205-T1	
OG0008957	HRR76_006860-T1	
OG0008958	HRR76_008805-T1	
OG0008959	HRR76_003237-T1	
OG0008960	HRR76_004722-T1	
OG0008961	HRR76_005305-T1	
OG0008962	HRR76_001886-T1	
OG0008963	HRR76_001279-T1	
OG0008964	HRR76_006747-T1	
OG0008965	HRR76_005378-T1	
OG0008966	HRR76_003260-T1	
OG0008967	HRR76_007559-T1	
OG0008968	HRR76_002432-T1	
OG0008969	HRR76_000212-T1	
OG0008970	HRR76_002793-T1	
OG0008971	HRR76_006432-T1	
OG0008972	HRR76_007043-T1	
OG0008973	HRR76_003412-T1	
OG0008974	HRR76_002346-T1	
OG0008975	HRR76_008860-T1	
OG0008976		HMPREF1120_08315
OG0008977		HMPREF1120_00081
OG0008978		HMPREF1120_07608
OG0008979		HMPREF1120_07992
OG0008980		HMPREF1120_04216
OG0008981		HMPREF1120_04331
OG0008982		HMPREF1120_07185
OG0008983		HMPREF1120_05101
OG0008984		HMPREF1120_07262
OG0008985		HMPREF1120_11015
OG0008986		HMPREF1120_03919
OG0008987		HMPREF1120_05520
OG0008988		HMPREF1120_08404
OG0008989		HMPREF1120_03021
OG0008990		HMPREF1120_03983
OG0008991		HMPREF1120_08577
OG0008992		HMPREF1120_00720
OG0008993		HMPREF1120_05137
OG0008994		HMPREF1120_01915
OG0008995		HMPREF1120_01090
OG0008996		HMPREF1120_08661
OG0008997		HMPREF1120_02406
OG0008998		HMPREF1120_08865
OG0008999		HMPREF1120_02899
OG0009000		HMPREF1120_05027
OG0009001		HMPREF1120_04025
OG0009002		HMPREF1120_07313
OG0009003		HMPREF1120_03336
OG0009004		HMPREF1120_03927
OG0009005		HMPREF1120_03168
OG0009006		HMPREF1120_04484
OG0009007		HMPREF1120_02081
OG0009008		HMPREF1120_06918
OG0009009		HMPREF1120_06374
OG0009010		HMPREF1120_04223
OG0009011		HMPREF1120_09235
OG0009012		HMPREF1120_02339
OG0009013		HMPREF1120_08669
OG0009014		HMPREF1120_06365
OG0009015		HMPREF1120_08866
OG0009016		HMPREF1120_02405
OG0009017		HMPREF1120_04796
OG0009018		HMPREF1120_07049
OG0009019		HMPREF1120_08622
OG0009020		HMPREF1120_04945
OG0009021		HMPREF1120_08486
OG0009022		HMPREF1120_00508
OG0009023		HMPREF1120_05434
OG0009024		HMPREF1120_08775
OG0009025		HMPREF1120_03530
OG0009026		HMPREF1120_06836
OG0009027		HMPREF1120_09025
OG0009028		HMPREF1120_04532
OG0009029		HMPREF1120_05924
OG0009030		HMPREF1120_03004
OG0009031		HMPREF1120_05909
OG0009032		HMPREF1120_04894
OG0009033		HMPREF1120_06988
OG0009034		HMPREF1120_02888
OG0009035		HMPREF1120_05025
OG0009036		HMPREF1120_09121
OG0009037		HMPREF1120_07771
OG0009038		HMPREF1120_02642
OG0009039		HMPREF1120_05203
OG0009040		HMPREF1120_05135
OG0009041		HMPREF1120_08828
OG0009042		HMPREF1120_02129
OG0009043		HMPREF1120_03926
OG0009044		HMPREF1120_04068
OG0009045		HMPREF1120_08943
OG0009046		HMPREF1120_05006
OG0009047		HMPREF1120_05508
OG0009048		HMPREF1120_02162
OG0009049		HMPREF1120_04579
OG0009050		HMPREF1120_04162
OG0009051		HMPREF1120_03960
OG0009052		HMPREF1120_08125
OG0009053		HMPREF1120_00247
OG0009054		HMPREF1120_04014
OG0009055		HMPREF1120_03569
OG0009056		HMPREF1120_05349
OG0009057		HMPREF1120_03576
OG0009058		HMPREF1120_03078
OG0009059		HMPREF1120_08897
OG0009060		HMPREF1120_03023
OG0009061		HMPREF1120_05216
OG0009062		HMPREF1120_01595
OG0009063		HMPREF1120_04343
OG0009064		HMPREF1120_01962
OG0009065		HMPREF1120_09262
OG0009066		HMPREF1120_00011
OG0009067		HMPREF1120_02419
OG0009068		HMPREF1120_08905
OG0009069		HMPREF1120_05060
OG0009070		HMPREF1120_04109
OG0009071		HMPREF1120_04708
OG0009072		HMPREF1120_05084
OG0009073		HMPREF1120_08423
OG0009074		HMPREF1120_02667
OG0009075		HMPREF1120_06020
OG0009076		HMPREF1120_04697
OG0009077		HMPREF1120_00901
OG0009078		HMPREF1120_05250
OG0009079		HMPREF1120_01958
OG0009080		HMPREF1120_03386
OG0009081		HMPREF1120_08610
OG0009082		HMPREF1120_05671
OG0009083		HMPREF1120_11004
OG0009084		HMPREF1120_08851
OG0009085		HMPREF1120_05026
OG0009086		HMPREF1120_07405
OG0009087		HMPREF1120_05802
OG0009088		HMPREF1120_07033
OG0009089		HMPREF1120_07956
OG0009090		HMPREF1120_04148
OG0009091		HMPREF1120_04731
OG0009092		HMPREF1120_01938
OG0009093		HMPREF1120_05277
OG0009094		HMPREF1120_06950
OG0009095		HMPREF1120_08750
OG0009096		HMPREF1120_05079
OG0009097		HMPREF1120_06090
OG0009098		HMPREF1120_04652
OG0009099		HMPREF1120_07539
OG0009100		HMPREF1120_05053
OG0009101		HMPREF1120_03295
OG0009102		HMPREF1120_04525
OG0009103		HMPREF1120_05527
OG0009104		HMPREF1120_03174
OG0009105		HMPREF1120_03391
OG0009106		HMPREF1120_03645
OG0009107		HMPREF1120_06368
OG0009108		HMPREF1120_02175
OG0009109		HMPREF1120_04823
OG0009110		HMPREF1120_01976
OG0009111		HMPREF1120_06532
OG0009112		HMPREF1120_08477
OG0009113		HMPREF1120_00428
OG0009114		HMPREF1120_09269
OG0009115		HMPREF1120_04175
OG0009116		HMPREF1120_00683
OG0009117		HMPREF1120_07263
OG0009118		HMPREF1120_04161
OG0009119		HMPREF1120_02918
OG0009120		HMPREF1120_07420
OG0009121		HMPREF1120_03375
OG0009122		HMPREF1120_02668
OG0009123		HMPREF1120_05293
OG0009124		HMPREF1120_05397
OG0009125		HMPREF1120_05000
OG0009126		HMPREF1120_01641
OG0009127		HMPREF1120_05082
OG0009128		HMPREF1120_07188
OG0009129		HMPREF1120_02073
OG0009130		HMPREF1120_00961
OG0009131		HMPREF1120_02526
OG0009132		HMPREF1120_05519
OG0009133		HMPREF1120_06838
OG0009134		HMPREF1120_07400
OG0009135		HMPREF1120_01698
OG0009136		HMPREF1120_04222
OG0009137		HMPREF1120_08852
OG0009138		HMPREF1120_05351
OG0009139		HMPREF1120_02969
OG0009140		HMPREF1120_02816
OG0009141		HMPREF1120_11002
OG0009142		HMPREF1120_03463
OG0009143		HMPREF1120_04353
OG0009144		HMPREF1120_07082
OG0009145		HMPREF1120_06551
OG0009146		HMPREF1120_07991
OG0009147		HMPREF1120_07118
OG0009148		HMPREF1120_05042
OG0009149		HMPREF1120_07261
OG0009150		HMPREF1120_05102
OG0009151		HMPREF1120_08242
OG0009152		HMPREF1120_06124
OG0009153		HMPREF1120_02760
OG0009154		HMPREF1120_01000
OG0009155		HMPREF1120_05639
OG0009156		HMPREF1120_02066
OG0009157		HMPREF1120_05300
OG0009158		HMPREF1120_05707
OG0009159		HMPREF1120_07948
OG0009160		HMPREF1120_09255
OG0009161		HMPREF1120_03578
OG0009162		HMPREF1120_06121
OG0009163		HMPREF1120_04466
OG0009164		HMPREF1120_09065
OG0009165		HMPREF1120_06007
OG0009166		HMPREF1120_02705
OG0009167		HMPREF1120_08805
OG0009168		HMPREF1120_07175
OG0009169		HMPREF1120_06449
OG0009170		HMPREF1120_03099
OG0009171		HMPREF1120_05412
OG0009172		HMPREF1120_03647
OG0009173		HMPREF1120_07382
OG0009174		HMPREF1120_11010
OG0009175		HMPREF1120_08872
OG0009176		HMPREF1120_05783
OG0009177		HMPREF1120_05652
OG0009178		HMPREF1120_06877
OG0009179		HMPREF1120_04230
OG0009180		HMPREF1120_06186
OG0009181		HMPREF1120_06830
OG0009182		HMPREF1120_03908
OG0009183		HMPREF1120_02633
OG0009184		HMPREF1120_08806
OG0009185		HMPREF1120_08273
OG0009186		HMPREF1120_02885
OG0009187		HMPREF1120_04605
OG0009188		HMPREF1120_02940
OG0009189		HMPREF1120_04210
OG0009190		HMPREF1120_08770
OG0009191		HMPREF1120_01420
OG0009192		HMPREF1120_03786
OG0009193		HMPREF1120_08128
OG0009194		HMPREF1120_08099
OG0009195		HMPREF1120_03251
OG0009196		HMPREF1120_01977
OG0009197		HMPREF1120_04885
OG0009198		HMPREF1120_07938
OG0009199		HMPREF1120_05467
OG0009200		HMPREF1120_07028
OG0009201		HMPREF1120_00397
OG0009202		HMPREF1120_08422
OG0009203		HMPREF1120_02393
OG0009204		HMPREF1120_03163
OG0009205		HMPREF1120_07410
OG0009206		HMPREF1120_05195
OG0009207		HMPREF1120_01503
OG0009208		HMPREF1120_04770
OG0009209		HMPREF1120_04997
OG0009210		HMPREF1120_05182
OG0009211		HMPREF1120_05509
OG0009212		HMPREF1120_07811
OG0009213		HMPREF1120_07841
OG0009214		HMPREF1120_11008
OG0009215		HMPREF1120_05040
OG0009216		HMPREF1120_04259
OG0009217		HMPREF1120_06630
OG0009218		HMPREF1120_08351
OG0009219		HMPREF1120_08892
OG0009220		HMPREF1120_06832
OG0009221		HMPREF1120_09002
OG0009222		HMPREF1120_11012
OG0009223		HMPREF1120_08870
OG0009224		HMPREF1120_01108
OG0009225		HMPREF1120_07868
OG0009226		HMPREF1120_04686
OG0009227		HMPREF1120_00154
OG0009228		HMPREF1120_08519
OG0009229		HMPREF1120_03625
OG0009230		HMPREF1120_02785
OG0009231		HMPREF1120_03760
OG0009232		HMPREF1120_06812
OG0009233		HMPREF1120_00813
OG0009234		HMPREF1120_01550
OG0009235		HMPREF1120_03188
OG0009236		HMPREF1120_02310
OG0009237		HMPREF1120_00889
OG0009238		HMPREF1120_00758
OG0009239		HMPREF1120_06763
OG0009240		HMPREF1120_07120
OG0009241		HMPREF1120_04546
OG0009242		HMPREF1120_01099
OG0009243		HMPREF1120_01959
OG0009244		HMPREF1120_07807
OG0009245		HMPREF1120_03065
OG0009246		HMPREF1120_05537
OG0009247		HMPREF1120_08886
OG0009248		HMPREF1120_06450
OG0009249		HMPREF1120_00932
OG0009250		HMPREF1120_03474
OG0009251		HMPREF1120_02709
OG0009252		HMPREF1120_07570
OG0009253		HMPREF1120_05529
OG0009254		HMPREF1120_06557
OG0009255		HMPREF1120_07953
OG0009256		HMPREF1120_02881
OG0009257		HMPREF1120_07646
OG0009258		HMPREF1120_06226
OG0009259		HMPREF1120_06808
OG0009260		HMPREF1120_02464
OG0009261		HMPREF1120_03549
OG0009262		HMPREF1120_02091
OG0009263		HMPREF1120_06800
OG0009264		HMPREF1120_06214
OG0009265		HMPREF1120_04165
OG0009266		HMPREF1120_02274
OG0009267		HMPREF1120_07806
OG0009268		HMPREF1120_03371
OG0009269		HMPREF1120_05515
OG0009270		HMPREF1120_06648
OG0009271		HMPREF1120_08176
OG0009272		HMPREF1120_03823
OG0009273		HMPREF1120_06092
OG0009274		HMPREF1120_04391
OG0009275		HMPREF1120_07356
OG0009276		HMPREF1120_07523
OG0009277		HMPREF1120_08473
OG0009278		HMPREF1120_06168
OG0009279		HMPREF1120_00807
OG0009280		HMPREF1120_00504
OG0009281		HMPREF1120_04995
OG0009282		HMPREF1120_05523
OG0009283		HMPREF1120_05792
OG0009284		HMPREF1120_07967
OG0009285		HMPREF1120_03175
OG0009286		HMPREF1120_05069
OG0009287		HMPREF1120_06675
OG0009288		HMPREF1120_05057
OG0009289		HMPREF1120_06323
OG0009290		HMPREF1120_06001
OG0009291		HMPREF1120_00369
OG0009292		HMPREF1120_08798
OG0009293		HMPREF1120_06664
OG0009294		HMPREF1120_03102
OG0009295		HMPREF1120_08432
OG0009296		HMPREF1120_08506
OG0009297		HMPREF1120_04736
OG0009298		HMPREF1120_07388
OG0009299		HMPREF1120_04493
OG0009300		HMPREF1120_01678
OG0009301		HMPREF1120_04056
OG0009302		HMPREF1120_04030
OG0009303		HMPREF1120_08627
OG0009304		HMPREF1120_04501
OG0009305		HMPREF1120_05355
OG0009306		HMPREF1120_01488
OG0009307		HMPREF1120_06657
OG0009308		HMPREF1120_01982
OG0009309		HMPREF1120_07535
OG0009310		HMPREF1120_03922
OG0009311		HMPREF1120_08994
OG0009312		HMPREF1120_05475
OG0009313		HMPREF1120_01841
OG0009314		HMPREF1120_01703
OG0009315		HMPREF1120_11000
OG0009316		HMPREF1120_04093
OG0009317		HMPREF1120_00965
OG0009318		HMPREF1120_06702
OG0009319		HMPREF1120_03067
OG0009320		HMPREF1120_00636
OG0009321		HMPREF1120_04819
OG0009322		HMPREF1120_04616
OG0009323		HMPREF1120_02056
OG0009324		HMPREF1120_08164
OG0009325		HMPREF1120_00974
OG0009326		HMPREF1120_02493
OG0009327		HMPREF1120_05637
OG0009328		HMPREF1120_03526
OG0009329		HMPREF1120_08589
OG0009330		HMPREF1120_01832
OG0009331		HMPREF1120_11013
OG0009332		HMPREF1120_03326
OG0009333		HMPREF1120_03390
OG0009334		HMPREF1120_06108
OG0009335		HMPREF1120_01897
OG0009336		HMPREF1120_02793
OG0009337		HMPREF1120_04392
OG0009338		HMPREF1120_05047
OG0009339		HMPREF1120_07983
OG0009340		HMPREF1120_00243
OG0009341		HMPREF1120_02851
OG0009342		HMPREF1120_01386
OG0009343		HMPREF1120_07949
OG0009344		HMPREF1120_00403
OG0009345		HMPREF1120_05879
OG0009346		HMPREF1120_02036
OG0009347		HMPREF1120_03520
OG0009348		HMPREF1120_02260
OG0009349		HMPREF1120_04851
OG0009350		HMPREF1120_04181
OG0009351		HMPREF1120_05983
OG0009352		HMPREF1120_02599
OG0009353		HMPREF1120_00564
OG0009354		HMPREF1120_05748
OG0009355		HMPREF1120_11006
OG0009356		HMPREF1120_08483
OG0009357		HMPREF1120_05540
OG0009358		HMPREF1120_01113
OG0009359		HMPREF1120_05207
OG0009360		HMPREF1120_05934
OG0009361		HMPREF1120_04184
OG0009362		HMPREF1120_01630
OG0009363		HMPREF1120_07764
OG0009364		HMPREF1120_03389
OG0009365		HMPREF1120_00981
OG0009366		HMPREF1120_02046
OG0009367		HMPREF1120_08651
OG0009368		HMPREF1120_06438
OG0009369		HMPREF1120_00450
OG0009370		HMPREF1120_08732
OG0009371		HMPREF1120_05004
OG0009372		HMPREF1120_05485
OG0009373		HMPREF1120_04309
OG0009374		HMPREF1120_05738
OG0009375		HMPREF1120_01808
OG0009376		HMPREF1120_09015
OG0009377		HMPREF1120_11005
OG0009378		HMPREF1120_03109
OG0009379		HMPREF1120_01610
OG0009380		HMPREF1120_07462
OG0009381		HMPREF1120_03186
OG0009382		HMPREF1120_06550
OG0009383		HMPREF1120_00423
OG0009384		HMPREF1120_08596
OG0009385		HMPREF1120_05462
OG0009386		HMPREF1120_00036
OG0009387		HMPREF1120_05244
OG0009388		HMPREF1120_01036
OG0009389		HMPREF1120_02435
OG0009390		HMPREF1120_09133
OG0009391		HMPREF1120_01370
OG0009392		HMPREF1120_09205
OG0009393		HMPREF1120_08158
OG0009394		HMPREF1120_08767
OG0009395		HMPREF1120_08929
OG0009396		HMPREF1120_03483
OG0009397		HMPREF1120_00281
OG0009398		HMPREF1120_05184
OG0009399		HMPREF1120_06529
OG0009400		HMPREF1120_08567
OG0009401		HMPREF1120_02588
OG0009402		HMPREF1120_08278
OG0009403		HMPREF1120_01941
OG0009404		HMPREF1120_00004
OG0009405		HMPREF1120_04486
OG0009406		HMPREF1120_07926
OG0009407		HMPREF1120_04107
OG0009408		HMPREF1120_00127
OG0009409		HMPREF1120_02622
OG0009410		HMPREF1120_03307
OG0009411		HMPREF1120_11011
OG0009412		HMPREF1120_08314
OG0009413		HMPREF1120_01241
OG0009414		HMPREF1120_06338
OG0009415		HMPREF1120_05763
OG0009416		HMPREF1120_06953
OG0009417		HMPREF1120_06592
OG0009418		HMPREF1120_04638
OG0009419		HMPREF1120_04387
OG0009420		HMPREF1120_00588
OG0009421		HMPREF1120_05046
OG0009422		HMPREF1120_02675
OG0009423		HMPREF1120_05518
OG0009424		HMPREF1120_00764
OG0009425		HMPREF1120_06839
OG0009426		HMPREF1120_02911
OG0009427		HMPREF1120_04722
OG0009428		HMPREF1120_04895
OG0009429		HMPREF1120_04691
OG0009430		HMPREF1120_00047
OG0009431		HMPREF1120_02944
OG0009432		HMPREF1120_07435
OG0009433		HMPREF1120_04404
OG0009434		HMPREF1120_01775
OG0009435		HMPREF1120_01761
OG0009436		HMPREF1120_00249
OG0009437		HMPREF1120_00231
OG0009438		HMPREF1120_11007
OG0009439		HMPREF1120_01622
OG0009440		HMPREF1120_06380
OG0009441		HMPREF1120_04001
OG0009442		HMPREF1120_05873
OG0009443		HMPREF1120_07213
OG0009444		HMPREF1120_04577
OG0009445		HMPREF1120_06010
OG0009446		HMPREF1120_06375
OG0009447		HMPREF1120_02722
OG0009448		HMPREF1120_07710
OG0009449		HMPREF1120_04029
OG0009450		HMPREF1120_03532
